飞机里程,游戏时间,冰淇淋占比,label
40920,8.32698,0.95395,很喜欢
14488,7.15347,1.6739,有点喜欢
26052,1.44187,0.80512,不太喜欢
75136,13.14739,0.42896,不太喜欢
38344,1.66979,0.1343,不太喜欢
72993,10.14174,1.03296,不太喜欢
35948,6.83079,1.21319,很喜欢
42666,13.27637,0.54388,很喜欢
67497,8.63158,0.74928,不太喜欢
35483,12.27317,1.50805,很喜欢
50242,3.7235,0.83192,不太喜欢
63275,8.38588,1.66949,不太喜欢
5569,4.87544,0.72866,有点喜欢
51052,4.6801,0.62522,不太喜欢
77372,15.29957,0.33135,不太喜欢
43673,1.88946,0.19128,不太喜欢
61364,7.51675,1.26916,不太喜欢
69673,14.2392,0.26133,不太喜欢
15669,0,1.25019,有点喜欢
28488,10.52856,1.30484,很喜欢
6487,3.54027,0.82248,有点喜欢
37708,2.99155,0.83392,不太喜欢
22620,5.29787,0.63831,有点喜欢
28782,6.5938,0.18711,很喜欢
19739,2.81676,1.68621,有点喜欢
36788,12.45826,0.64962,很喜欢
5741,0,1.65642,有点喜欢
28567,9.96865,0.73123,很喜欢
6808,1.36484,0.6401,有点喜欢
41611,0.23045,1.152,不太喜欢
36661,11.8654,0.88281,很喜欢
43605,0.12046,1.35201,不太喜欢
15360,8.5452,1.34043,很喜欢
63796,5.85665,0.16001,不太喜欢
10743,9.66562,0.77863,有点喜欢
70808,9.77876,1.0841,不太喜欢
72011,4.93298,0.63203,不太喜欢
5914,2.21625,0.5871,有点喜欢
14851,14.30564,0.63232,很喜欢
33553,12.59189,0.68658,很喜欢
44952,3.42465,1.0045,不太喜欢
17934,0,0.14757,有点喜欢
27738,8.53382,0.20532,很喜欢
29290,9.82953,0.23862,很喜欢
42330,11.49219,0.2635,很喜欢
36429,3.57097,0.83225,不太喜欢
39623,1.77123,0.20761,不太喜欢
32404,3.51392,0.99185,不太喜欢
27268,4.39817,0.97502,不太喜欢
5477,4.27682,1.17487,有点喜欢
14254,5.94601,1.61424,有点喜欢
68613,13.79897,0.72438,不太喜欢
41539,10.39359,1.66372,很喜欢
7917,3.00758,0.2973,有点喜欢
21331,1.03194,0.48617,有点喜欢
8338,4.75121,0.06469,有点喜欢
5176,3.69227,1.65511,有点喜欢
18983,10.44809,0.26765,很喜欢
68837,10.58579,0.32956,不太喜欢
13438,1.6045,0.06906,有点喜欢
48849,3.6795,0.96147,不太喜欢
12285,3.79515,0.69669,有点喜欢
7826,2.53189,1.65917,有点喜欢
5565,9.73334,0.97775,有点喜欢
10346,6.09307,1.4138,有点喜欢
1823,7.71296,1.05493,有点喜欢
9744,11.47036,0.76046,很喜欢
16857,2.88653,0.93442,有点喜欢
39336,10.05437,1.13835,很喜欢
65230,9.97247,0.88188,不太喜欢
2463,2.33579,1.36615,有点喜欢
27353,11.37516,1.52863,很喜欢
16191,0,0.60562,有点喜欢
12258,4.12679,0.3575,有点喜欢
42377,6.31952,1.0586,不太喜欢
25607,8.68053,0.08696,很喜欢
77450,14.85639,1.12982,不太喜欢
58732,2.45429,0.22238,不太喜欢
46426,7.2922,0.54861,很喜欢
32688,8.74514,0.85735,很喜欢
64890,8.579,0.68305,不太喜欢
8554,2.5073,0.86918,有点喜欢
28861,11.41548,1.50547,很喜欢
42050,4.83854,1.68089,不太喜欢
32193,10.33951,0.58365,很喜欢
64895,6.57374,1.15143,不太喜欢
2355,6.5394,0.46207,有点喜欢
0,2.20916,0.72357,有点喜欢
70406,11.19638,0.83633,不太喜欢
57399,4.2296,0.12825,不太喜欢
41732,9.50594,0.00527,很喜欢
11429,8.65273,1.34893,很喜欢
75270,17.10111,0.49071,不太喜欢
5459,7.87184,0.71766,有点喜欢
73520,8.26213,1.36165,不太喜欢
40279,9.01564,1.65856,很喜欢
21540,9.21535,0.80676,很喜欢
17694,6.37501,0.03368,有点喜欢
22329,2.26201,1.02217,不太喜欢
46570,5.67711,0.70947,不太喜欢
42403,11.29302,0.20798,很喜欢
33654,6.59004,1.35312,不太喜欢
9171,4.71196,0.19417,有点喜欢
28122,8.7681,1.10804,很喜欢
34095,11.50252,0.5451,很喜欢
1774,4.68281,0.57811,有点喜欢
40131,12.44658,0.30075,很喜欢
13994,12.90838,1.65772,很喜欢
77064,12.60111,0.97453,不太喜欢
11210,3.92946,0.02547,有点喜欢
6122,9.7515,1.18205,很喜欢
15341,3.04377,0.88817,有点喜欢
44373,4.39152,0.8071,不太喜欢
28454,11.69528,0.67902,很喜欢
63771,7.87974,0.15426,不太喜欢
9217,5.61316,0.93363,有点喜欢
69076,9.14017,0.8513,不太喜欢
24489,4.25864,0.20689,不太喜欢
16871,6.79983,1.22117,有点喜欢
39776,8.75276,0.48442,很喜欢
5901,1.12303,1.18035,有点喜欢
40987,10.83325,1.58543,很喜欢
7479,3.05162,0.02678,有点喜欢
38768,5.30841,0.03068,很喜欢
4933,1.84179,0.0281,有点喜欢
32311,2.26198,1.6056,不太喜欢
26501,11.5737,1.06135,很喜欢
37433,8.03876,1.08391,很喜欢
23503,10.73401,0.10372,很喜欢
68607,9.66191,0.35077,不太喜欢
27742,9.00585,0.54874,很喜欢
11303,0,0.53913,有点喜欢
0,5.75714,1.06237,有点喜欢
32729,9.16466,1.62457,很喜欢
24619,1.31834,1.43624,不太喜欢
42414,14.0756,0.69593,很喜欢
20210,10.10755,1.3084,很喜欢
33225,7.96029,1.21976,很喜欢
54483,6.31729,0.01821,不太喜欢
18475,12.66419,0.59565,很喜欢
33926,2.90664,0.58166,不太喜欢
43865,2.38824,0.91394,不太喜欢
26547,6.02447,0.48622,很喜欢
44404,7.22676,1.25533,很喜欢
16674,4.184,1.27529,有点喜欢
8123,11.85021,1.09698,很喜欢
42747,11.6618,1.16794,很喜欢
56054,3.57497,0.49467,不太喜欢
10933,0,0.10748,有点喜欢
18121,7.93766,0.9048,很喜欢
11272,3.36503,1.01409,有点喜欢
16297,0,0.36749,有点喜欢
28168,13.86067,1.29327,很喜欢
40963,10.30671,1.21159,很喜欢
31685,7.228,0.67067,很喜欢
55164,4.50874,1.03619,不太喜欢
17595,0.36633,0.16365,有点喜欢
1862,3.29944,0.57515,有点喜欢
57087,0.57329,0.60792,不太喜欢
63082,9.18374,0.01228,不太喜欢
51213,7.84265,1.06064,很喜欢
6487,4.75096,0.55824,有点喜欢
4805,11.4387,1.55633,很喜欢
30302,8.24306,1.12277,很喜欢
68680,7.94902,0.27187,不太喜欢
17591,7.87548,0.22709,有点喜欢
74391,9.56909,0.36486,不太喜欢
37217,7.7501,0.86909,很喜欢
42814,0,1.51529,不太喜欢
14738,3.39603,0.63398,有点喜欢
19896,11.91609,0.02529,很喜欢
14673,0.46076,0.68959,有点喜欢
32011,13.08757,0.476,很喜欢
58736,4.58902,1.6726,不太喜欢
54744,8.39722,1.5341,不太喜欢
29482,5.56277,1.68939,不太喜欢
27698,10.90516,0.61909,很喜欢
11443,1.31144,1.16989,有点喜欢
56117,10.64717,0.98014,很喜欢
39514,0,0.48192,不太喜欢
26627,8.50303,0.83086,很喜欢
16525,0.43688,1.39531,有点喜欢
24368,6.12787,1.10218,不太喜欢
22160,12.11249,0.35968,很喜欢
6030,1.26497,1.14158,有点喜欢
6468,6.06757,1.32705,有点喜欢
22945,8.01096,1.68165,很喜欢
18520,3.79108,0.30407,有点喜欢
34914,11.7732,1.26262,很喜欢
6121,8.33959,1.44336,有点喜欢
38063,2.56309,1.46401,不太喜欢
23410,5.95422,0.95378,不太喜欢
35073,9.28837,0.76732,很喜欢
52914,3.9768,1.04311,不太喜欢
16801,8.58523,1.45571,很喜欢
9533,1.27195,0.79651,有点喜欢
16721,0,0.24278,有点喜欢
5832,0,0.08975,有点喜欢
44591,11.5213,0.30086,很喜欢
10143,1.13945,0.41537,有点喜欢
21609,5.69909,1.39189,有点喜欢
23817,2.44938,1.32256,不太喜欢
15640,0,1.22838,有点喜欢
8847,3.16837,0.05399,有点喜欢
50939,10.42861,1.12626,很喜欢
28521,2.94307,1.44682,不太喜欢
32901,10.44135,0.97528,很喜欢
42850,12.47876,1.62873,很喜欢
13499,5.8569,0.36388,有点喜欢
40345,2.47642,0.09608,不太喜欢
43547,1.82664,0.81146,不太喜欢
70758,4.32445,0.32824,不太喜欢
19780,1.37609,1.17836,有点喜欢
44484,5.34246,0.39453,不太喜欢
54462,11.83552,0.6933,很喜欢
20085,12.42369,1.42426,很喜欢
42291,12.16127,0.07113,很喜欢
47550,8.14836,1.64919,很喜欢
11938,1.53107,1.54976,有点喜欢
40699,3.20091,0.30968,不太喜欢
70908,8.86269,0.53051,不太喜欢
73989,6.37055,0.36935,不太喜欢
11872,2.46884,0.14506,有点喜欢
48463,11.05421,0.14151,很喜欢
15987,2.03708,0.71524,有点喜欢
70036,13.36403,0.54997,不太喜欢
32967,10.24914,0.19274,很喜欢
63249,10.46425,1.66977,不太喜欢
42795,9.42457,0.01373,很喜欢
14459,4.4589,0.26844,有点喜欢
19973,0,0.57598,有点喜欢
5494,9.68608,1.02981,很喜欢
67902,13.6494,1.05262,不太喜欢
25621,13.18115,0.27301,很喜欢
27545,3.87747,0.4016,不太喜欢
58656,1.41395,0.45138,不太喜欢
7327,4.24899,1.43025,有点喜欢
64555,8.77918,0.84595,不太喜欢
8998,4.15625,0.09711,有点喜欢
11752,5.58002,0.1584,有点喜欢
76319,15.04044,1.3669,不太喜欢
27665,12.79387,1.30732,很喜欢
67417,3.25488,0.66955,不太喜欢
21808,10.72561,0.58859,很喜欢
15326,8.25647,0.76589,有点喜欢
20057,8.03389,1.61856,很喜欢
79341,10.70253,0.20479,不太喜欢
15636,5.063,1.13256,有点喜欢
35602,10.77229,0.66872,很喜欢
28544,1.89235,0.83703,不太喜欢
57663,1.01997,0.37232,不太喜欢
78727,15.54604,0.72974,不太喜欢
68255,11.63821,0.40913,不太喜欢
14964,3.42789,0.97562,有点喜欢
21835,11.24617,1.47559,很喜欢
7487,0,0.64505,有点喜欢
8700,0,1.42402,有点喜欢
26226,8.24255,0.27907,很喜欢
65899,8.70006,0.10181,不太喜欢
6543,0.81234,0.26033,有点喜欢
46556,2.44824,1.17683,不太喜欢
71038,13.23008,0.61615,不太喜欢
47657,0.23613,0.34084,不太喜欢
19600,11.15583,0.33513,很喜欢
37422,11.02964,0.50577,很喜欢
1363,2.90118,1.64663,有点喜欢
26535,3.92459,1.14312,不太喜欢
47707,2.52481,1.29285,不太喜欢
38055,3.52747,1.44916,不太喜欢
6286,3.38428,0.88927,有点喜欢
10747,0,1.10759,有点喜欢
44883,11.89889,0.40644,很喜欢
56823,3.52989,1.37584,不太喜欢
68086,11.44268,0.69692,不太喜欢
70242,10.30815,0.42272,不太喜欢
11409,8.54053,0.72737,有点喜欢
67671,7.15695,1.69168,不太喜欢
61238,0.72068,0.84757,不太喜欢
17774,0.22941,1.0386,有点喜欢
53376,3.39933,0.0775,不太喜欢
30930,6.15724,0.58013,不太喜欢
28987,1.2397,0.71999,不太喜欢
13655,6.03685,0.01655,有点喜欢
7227,5.25867,0.93372,有点喜欢
40409,12.393,1.57128,很喜欢
13605,9.62761,0.93584,有点喜欢
26400,11.13045,0.59761,很喜欢
13491,8.8426,0.34977,很喜欢
30232,10.69001,1.4566,很喜欢
43253,5.71472,1.67478,很喜欢
55536,3.05251,1.3358,不太喜欢
8807,0,0.05903,有点喜欢
25783,9.94531,1.28795,很喜欢
22812,2.71972,1.14215,不太喜欢
77826,11.15406,1.60849,不太喜欢
38172,2.68792,0.66084,不太喜欢
31676,10.03785,0.96225,很喜欢
74038,12.40476,1.11208,不太喜欢
44738,10.23731,0.63342,很喜欢
17410,4.74539,0.66252,有点喜欢
5688,4.63946,1.56943,有点喜欢
36642,3.14931,0.63967,不太喜欢
29956,13.40688,1.63919,很喜欢
60350,6.06867,0.88124,不太喜欢
23758,9.47702,0.899,很喜欢
25780,3.89762,0.5602,有点喜欢
11342,5.46362,1.20368,有点喜欢
36109,3.36927,1.57504,不太喜欢
14292,5.23456,0.82595,有点喜欢
11160,0,0.72217,有点喜欢
23762,12.97907,0.50407,很喜欢
39567,5.37656,0.55748,不太喜欢
25647,13.52791,1.58673,很喜欢
14814,2.19689,0.78459,有点喜欢
73590,10.69175,0.00751,不太喜欢
35187,1.65924,0.44707,不太喜欢
49459,8.36967,0.6567,很喜欢
31657,13.1572,0.14325,很喜欢
6259,8.19967,0.90851,有点喜欢
33101,4.44167,0.43938,很喜欢
27107,9.84649,0.64452,很喜欢
17824,0.01954,0.97795,有点喜欢
43536,8.25377,0.7487,很喜欢
67705,6.03862,1.50965,不太喜欢
35283,6.09159,1.69464,很喜欢
71308,8.98682,1.22517,不太喜欢
31054,11.50847,1.6243,很喜欢
52387,8.80773,0.71392,很喜欢
40328,0,0.81668,不太喜欢
34844,8.8892,1.66541,很喜欢
11607,3.17812,0.54275,有点喜欢
64306,7.0138,0.13991,不太喜欢
32721,9.60501,0.06525,很喜欢
33170,1.23054,1.33167,不太喜欢
37192,10.41281,0.8908,很喜欢
13089,0,0.56716,有点喜欢
66491,9.69999,0.12201,不太喜欢
15941,0,0.06119,有点喜欢
4272,4.45529,0.27214,有点喜欢
48812,3.02098,1.5028,不太喜欢
28818,8.09928,0.21632,很喜欢
35394,1.15776,1.60322,不太喜欢
71791,10.1054,0.12107,不太喜欢
40668,11.23015,0.4086,很喜欢
39580,9.07006,0.01138,很喜欢
11786,0.56646,0.47884,有点喜欢
19251,0,0.4873,有点喜欢
56594,8.95637,1.19348,很喜欢
54495,1.52306,0.62053,不太喜欢
11844,2.74901,0.16986,有点喜欢
45465,9.23539,0.18835,很喜欢
31033,10.55557,0.40393,很喜欢
16633,6.95637,1.51931,有点喜欢
13887,0.63628,1.27398,有点喜欢
52603,3.57474,0.07516,不太喜欢
72000,9.03249,1.46181,不太喜欢
68497,5.95899,0.02301,不太喜欢
35135,2.4353,1.21174,不太喜欢
26397,10.53973,1.63825,很喜欢
7313,7.6467,0.05651,有点喜欢
91273,20.91935,0.64457,不太喜欢
24743,1.42473,0.83845,不太喜欢
31690,6.74866,0.89022,很喜欢
15432,2.28917,0.11488,有点喜欢
58394,5.54838,0.40224,不太喜欢
33962,6.05723,0.43267,不太喜欢
31442,10.8286,0.55996,很喜欢
31044,11.31816,0.27109,很喜欢
29938,13.26531,0.6339,很喜欢
9875,0,1.49672,有点喜欢
51542,6.51713,0.40252,很喜欢
11878,4.93437,1.52003,有点喜欢
69241,10.15174,0.89643,不太喜欢
37776,2.42578,1.55947,不太喜欢
68997,9.77896,1.1955,不太喜欢
67416,12.21995,0.65768,不太喜欢
59225,7.39415,0.95443,不太喜欢
29138,8.51854,0.74255,很喜欢
5962,2.7987,0.66263,有点喜欢
10847,0.63793,0.61737,有点喜欢
70527,10.75049,0.09742,不太喜欢
9610,0.62538,0.14097,有点喜欢
64734,10.02797,0.28279,不太喜欢
25941,9.81735,0.3642,很喜欢
2763,0.64683,1.26607,有点喜欢
55601,3.34711,0.91429,不太喜欢
31128,11.81689,0.1938,很喜欢
5181,0,1.4802,有点喜欢
69982,10.94567,0.99322,不太喜欢
52440,10.24471,0.28054,很喜欢
57350,2.5798,1.14917,不太喜欢
57869,2.63041,0.09887,不太喜欢
56557,11.7462,1.69552,很喜欢
42342,8.10423,1.32628,很喜欢
15560,12.40974,0.7903,很喜欢
34826,12.16784,1.32809,很喜欢
8569,3.19841,0.29929,有点喜欢
77623,16.05551,0.54105,不太喜欢
78184,7.13866,0.15848,不太喜欢
7036,4.83104,0.76142,有点喜欢
69616,10.08289,1.37361,不太喜欢
21546,10.06687,0.78847,很喜欢
36715,8.12954,0.32991,很喜欢
20522,3.01246,1.13811,有点喜欢
42349,3.72039,0.84597,不太喜欢
9037,0.77349,1.14826,有点喜欢
26728,10.96294,1.03732,很喜欢
587,0.17762,0.16261,有点喜欢
48915,3.08585,0.9679,不太喜欢
9824,8.42678,0.20256,有点喜欢
4135,1.82593,1.12835,有点喜欢
9666,2.18516,1.01017,有点喜欢
59333,7.1846,1.26134,不太喜欢
36198,0,0.11653,不太喜欢
34909,8.90175,1.03353,很喜欢
47516,2.4515,1.3588,不太喜欢
55807,3.21363,0.43204,不太喜欢
14036,3.97474,0.72393,有点喜欢
42856,9.60131,0.61923,很喜欢
64007,8.3639,0.44534,不太喜欢
59428,6.38148,1.36502,不太喜欢
13730,0,1.40391,有点喜欢
41740,9.60984,1.43811,很喜欢
63546,9.90474,0.98586,不太喜欢
30417,7.18581,1.4891,很喜欢
69636,5.4667,1.21657,不太喜欢
64660,0,0.9159,不太喜欢
14883,4.57544,0.53567,有点喜欢
7965,3.27708,1.01087,有点喜欢
68620,10.24662,1.23963,不太喜欢
8738,2.34174,1.06024,有点喜欢
7544,3.20105,0.49884,有点喜欢
6377,6.06601,0.12093,有点喜欢
36842,8.82938,0.89566,很喜欢
81046,15.83305,1.56825,不太喜欢
67736,13.51671,1.22015,不太喜欢
32492,0.66428,1.11676,不太喜欢
39299,6.32514,0.60511,很喜欢
77289,8.6775,0.34437,不太喜欢
33835,8.18801,0.9649,很喜欢
71890,9.41426,0.38403,不太喜欢
32054,9.19655,1.13825,很喜欢
38579,10.20297,0.45236,很喜欢
55984,2.11944,1.48166,不太喜欢
72694,13.63508,0.85831,不太喜欢
42299,0.08344,0.70167,不太喜欢
26635,9.1491,1.05145,很喜欢
8579,1.9338,1.37439,有点喜欢
37302,14.11554,0.6762,很喜欢
22878,8.93374,0.94335,很喜欢
4364,2.66125,0.94612,有点喜欢
4985,0.98843,1.30503,有点喜欢
37068,2.06374,1.12595,不太喜欢
41137,2.22059,0.69075,不太喜欢
67759,6.42485,0.80664,不太喜欢
11831,1.15615,1.61367,有点喜欢
34502,3.03272,0.60185,不太喜欢
4088,3.07683,0.95209,有点喜欢
15199,0,0.31811,有点喜欢
17309,7.75048,0.55402,很喜欢
42816,10.95814,1.4825,很喜欢
43751,10.22202,0.48868,很喜欢
58335,2.36799,0.43574,不太喜欢
75039,7.68605,1.38146,不太喜欢
42878,11.46488,1.48159,很喜欢
42770,11.07574,0.08973,很喜欢
8848,3.54399,0.34585,有点喜欢
31340,8.12389,1.28288,很喜欢
41413,4.33177,0.75447,很喜欢
12731,0.12087,1.21196,有点喜欢
22447,6.11611,0.70152,很喜欢
33564,7.47453,0.50579,很喜欢
48907,8.81945,0.64929,很喜欢
8762,6.80214,0.61528,有点喜欢
46696,12.66633,0.93196,很喜欢
36851,8.63618,0.39933,很喜欢
67639,11.73099,1.28983,不太喜欢
171,8.13245,0.03906,有点喜欢
26674,10.29659,1.49614,很喜欢
8739,7.58391,1.00576,有点喜欢
66668,9.77781,0.49638,不太喜欢
68732,8.83355,0.51388,不太喜欢
69995,4.9079,1.51804,不太喜欢
82008,8.36274,1.28594,不太喜欢
25054,9.08473,1.60631,很喜欢
33085,14.16414,0.56097,很喜欢
41379,9.08068,0.98992,很喜欢
39417,6.52277,0.03855,很喜欢
12556,3.69034,0.46228,有点喜欢
39432,3.56371,0.24202,不太喜欢
38010,1.06587,1.14157,不太喜欢
69306,6.6838,1.45632,不太喜欢
38000,1.71287,0.24395,不太喜欢
46321,13.10993,1.28011,很喜欢
66293,11.32791,0.78098,不太喜欢
22730,4.54571,1.23325,不太喜欢
5952,3.36789,0.4681,有点喜欢
72308,8.32622,0.56735,不太喜欢
60338,8.97834,1.44203,不太喜欢
13301,5.65583,1.58216,有点喜欢
27884,8.85531,0.57068,很喜欢
11188,6.64957,0.54423,有点喜欢
56796,3.96633,0.85041,不太喜欢
8571,1.92405,1.66478,有点喜欢
4914,6.00481,0.28037,有点喜欢
10784,0,0.37585,有点喜欢
39296,9.92302,0.09219,很喜欢
13113,2.38908,0.11928,有点喜欢
70204,13.66319,0.13325,不太喜欢
46813,11.43498,0.32122,很喜欢
11697,0.35827,1.29286,有点喜欢
44183,9.59887,0.22352,很喜欢
2225,6.37528,0.60804,有点喜欢
29066,11.58053,0.4584,很喜欢
4245,5.31932,1.59807,有点喜欢
34379,4.32403,1.60348,不太喜欢
44441,2.35837,1.2732,不太喜欢
2022,0,1.18271,有点喜欢
26866,12.82438,0.89041,很喜欢
57070,1.58725,1.45698,不太喜欢
32932,8.51032,1.52068,很喜欢
51967,10.42888,1.18773,很喜欢
44432,8.34662,0.04232,很喜欢
67066,7.54144,0.80923,不太喜欢
17262,2.54095,1.58329,有点喜欢
79728,9.47305,0.69251,不太喜欢
14259,0.35228,0.47408,有点喜欢
6122,0,0.58983,有点喜欢
76879,12.40517,0.5672,不太喜欢
11426,4.12678,0.87145,有点喜欢
2493,0.03409,0.33585,有点喜欢
19910,1.17763,0.07511,有点喜欢
10939,0,0.48,有点喜欢
17716,0.99491,0.61114,有点喜欢
31390,11.05366,1.18012,很喜欢
20375,0,1.67973,有点喜欢
26309,2.49501,1.45959,不太喜欢
33484,11.51683,0.00116,很喜欢
45944,9.21322,0.79774,很喜欢
4249,5.33287,0.10929,有点喜欢
6089,0,1.68977,有点喜欢
7513,0,1.12605,有点喜欢
27862,12.64006,1.6909,很喜欢
39038,2.69314,1.31752,不太喜欢
19218,3.32897,0.26827,有点喜欢
62911,7.19317,1.11746,不太喜欢
77758,6.61551,1.52101,不太喜欢
27940,8.00057,0.83534,很喜欢
2194,4.01754,0.5121,有点喜欢
37072,13.24586,0.92747,很喜欢
15585,5.97062,0.81362,有点喜欢
25577,11.66872,0.8869,很喜欢
8777,4.28324,1.27273,有点喜欢
29016,10.74296,0.9714,很喜欢
21910,12.32667,1.59261,很喜欢
12916,0,0.34462,有点喜欢
10976,0,0.92285,有点喜欢
79065,10.6021,0.57369,不太喜欢
36759,10.86186,1.15505,很喜欢
50011,1.22909,1.63869,不太喜欢
1155,0.41039,1.3134,有点喜欢
71600,14.55271,0.61616,不太喜欢
30817,14.17804,0.61631,很喜欢
54559,14.13626,0.36239,不太喜欢
29764,0.09353,1.20719,不太喜欢
69100,10.92902,0.40311,不太喜欢
47324,11.43292,0.82596,很喜欢
73199,9.13453,0.58685,不太喜欢
44461,5.07143,1.42142,不太喜欢
45617,11.46025,1.54175,很喜欢
28221,11.62004,1.10355,很喜欢
7091,4.02208,0.20731,有点喜欢
6110,3.05784,1.63126,有点喜欢
79016,7.78217,0.40439,不太喜欢
18289,7.98174,0.92979,很喜欢
43679,4.60136,0.26833,不太喜欢
22075,2.59556,1.11538,不太喜欢
23535,10.04908,0.39105,很喜欢
25301,3.26544,1.57297,有点喜欢
32256,11.78028,1.51101,很喜欢
36951,3.07598,0.28628,不太喜欢
31290,1.79531,0.19434,不太喜欢
38953,11.10698,0.20242,很喜欢
35257,5.99441,0.80002,不太喜欢
25847,9.70606,1.01218,很喜欢
32680,10.58299,0.83603,很喜欢
62018,7.03827,1.45898,不太喜欢
9074,0.02377,0.01531,有点喜欢
33004,12.82398,0.67637,很喜欢
44588,3.61777,0.49348,不太喜欢
32565,8.34668,0.25332,很喜欢
38563,6.10432,0.09921,不太喜欢
75668,16.20778,0.58497,不太喜欢
9069,6.40197,1.69187,有点喜欢
53395,2.2987,0.55976,不太喜欢
28631,7.66152,0.05598,很喜欢
71036,6.35361,1.6453,不太喜欢
71142,10.44278,0.33587,不太喜欢
37653,3.83451,1.34612,不太喜欢
76839,10.99859,0.58456,不太喜欢
9916,2.69594,1.51211,有点喜欢
38889,3.35665,0.32423,不太喜欢
39075,14.67784,0.79318,很喜欢
48071,1.55193,0.1309,不太喜欢
7275,2.46474,0.2235,有点喜欢
41804,1.53322,1.00748,不太喜欢
35665,12.47392,0.16291,很喜欢
67956,6.4916,0.03258,不太喜欢
41892,10.50628,1.51075,很喜欢
38844,4.38039,0.74851,不太喜欢
74197,13.67099,1.68794,不太喜欢
14201,8.3176,0.39041,有点喜欢
3908,0,0.55625,有点喜欢
2459,0,0.29022,有点喜欢
32027,10.0958,1.18815,很喜欢
12870,0.8607,1.48263,有点喜欢
9880,1.55756,0.71128,有点喜欢
72784,10.07278,0.75603,不太喜欢
17521,0,0.43147,有点喜欢
50283,7.14082,0.88381,很喜欢
33536,11.38455,1.43831,很喜欢
9452,3.21457,1.08354,有点喜欢
37457,11.72066,0.30164,很喜欢
17724,6.37448,1.47593,很喜欢
43869,5.74968,0.19888,很喜欢
264,3.87181,0.5526,有点喜欢
25736,8.33631,0.63624,很喜欢
39584,9.71044,1.50374,很喜欢
31246,1.53261,1.4339,不太喜欢
49567,9.78579,0.98461,很喜欢
7052,2.63363,1.09787,有点喜欢
35493,9.23894,0.4947,很喜欢
10986,1.20566,1.3988,有点喜欢
49508,3.12491,1.67012,不太喜欢
5734,7.93549,1.58504,有点喜欢
65479,12.74664,1.56035,不太喜欢
77268,10.73256,0.54532,不太喜欢
28490,3.9774,0.7661,不太喜欢
13546,4.19443,0.45066,有点喜欢
37166,9.61029,0.14291,很喜欢
16381,4.79756,1.26046,有点喜欢
10848,1.61528,0.093,有点喜欢
35405,4.61477,1.02711,不太喜欢
15917,0,1.36973,有点喜欢
6131,0.60846,0.51222,有点喜欢
67432,6.55824,0.66758,不太喜欢
30354,12.31512,0.19707,很喜欢
69696,7.01497,1.49462,不太喜欢
33481,8.8223,1.19418,很喜欢
43075,10.0868,0.57046,很喜欢
38343,7.24161,1.66163,很喜欢
14318,4.6024,1.51177,有点喜欢
5367,7.43492,0.07979,有点喜欢
37894,10.46757,1.59542,很喜欢
36172,9.94813,0.00366,很喜欢
40123,2.47853,1.56899,不太喜欢
10976,5.93855,0.87854,有点喜欢
12705,0,0.948,有点喜欢
12495,5.55918,1.35793,有点喜欢
35681,9.77665,0.53597,很喜欢
46202,3.09206,0.49091,不太喜欢
11505,0,1.62331,有点喜欢
22834,4.4595,0.53887,不太喜欢
49901,8.33431,1.6466,很喜欢
71932,11.22665,0.38469,不太喜欢
13279,3.90474,1.59729,有点喜欢
49112,7.03821,1.21133,很喜欢
77129,9.83612,1.05434,不太喜欢
37447,1.99098,0.37808,不太喜欢
62397,9.0053,0.48539,不太喜欢
0,1.77251,1.03987,有点喜欢
15476,0.45867,0.81956,有点喜欢
40625,10.00392,0.23166,很喜欢
36706,0.52081,1.47601,不太喜欢
28580,10.67821,1.43184,很喜欢
25862,4.42599,1.36384,不太喜欢
63488,12.03536,0.83122,不太喜欢
33944,10.60673,1.25386,很喜欢
30099,1.56865,0.68426,不太喜欢
13725,2.54543,0.02427,有点喜欢
36768,10.26406,0.98259,很喜欢
64656,9.86628,0.68522,不太喜欢
14927,0.1427,0.05746,有点喜欢
43231,9.85327,1.52143,很喜欢
66087,6.5966,1.65357,不太喜欢
19806,2.60229,1.32148,有点喜欢
41081,10.41178,0.66417,很喜欢
10277,7.08345,0.62259,有点喜欢
7014,2.08007,1.25444,有点喜欢
17275,0.52284,1.62246,有点喜欢
31600,10.362,1.54483,很喜欢
59956,3.41297,1.03541,不太喜欢
42181,6.79655,1.11215,很喜欢
51743,4.09204,0.0758,不太喜欢
5194,2.76381,1.56433,有点喜欢
30832,12.54744,1.40244,很喜欢
7976,5.70805,1.59615,有点喜欢
14602,4.55803,0.37581,有点喜欢
41571,11.64231,0.43855,很喜欢
55028,3.22244,0.1214,不太喜欢
5837,4.73616,0.02987,有点喜欢
39808,10.83953,0.83632,很喜欢
20944,4.19479,0.23548,有点喜欢
22146,14.93626,0.88858,很喜欢
42169,3.3107,1.52186,不太喜欢
7010,2.97193,0.03432,有点喜欢
3807,9.26167,0.53781,有点喜欢
29241,7.79183,1.11142,很喜欢
52696,1.48047,1.02875,不太喜欢
42545,3.67729,0.24417,不太喜欢
24437,2.20297,1.3704,不太喜欢
16037,5.79674,0.93589,有点喜欢
8493,3.06333,0.14409,有点喜欢
68080,11.23309,0.49249,不太喜欢
59016,1.96557,0.0057,不太喜欢
11810,8.61672,0.13742,有点喜欢
68630,6.60999,1.08351,不太喜欢
7629,1.71264,1.0863,有点喜欢
71992,10.11745,1.29932,不太喜欢
13398,0,1.10418,有点喜欢
26241,9.82478,1.34682,很喜欢
11160,1.65309,0.98095,有点喜欢
76701,18.17882,1.47367,不太喜欢
32174,6.78113,0.88534,很喜欢
45043,8.20675,1.54922,很喜欢
42173,10.08185,1.37675,很喜欢
69801,6.28874,0.1128,不太喜欢
41737,3.69594,1.54359,不太喜欢
46979,6.72615,1.06938,很喜欢
79267,12.97,1.56822,不太喜欢
4615,2.66139,1.53193,有点喜欢
32907,7.07276,1.11739,很喜欢
37444,9.12337,1.31899,很喜欢
569,3.74395,1.03955,有点喜欢
8723,2.3413,0.21936,有点喜欢
6024,0.54191,0.59235,有点喜欢
52252,2.31083,1.43675,不太喜欢
8358,6.2266,1.42732,有点喜欢
26166,7.27788,0.48925,很喜欢
18471,0,0.38946,有点喜欢
3386,7.21822,1.09883,有点喜欢
41544,8.77713,1.11146,很喜欢
10480,2.81343,0.81942,有点喜欢
5894,2.26877,1.41213,有点喜欢
7273,6.28363,0.57129,有点喜欢
22272,7.52008,1.62687,很喜欢
31369,11.73923,0.02714,很喜欢
10708,3.74688,0.87735,有点喜欢
69364,12.08984,0.52163,不太喜欢
37760,12.3104,0.25934,很喜欢
13004,0,0.67136,有点喜欢
37885,2.7288,0.3315,不太喜欢
52555,10.81434,0.60765,很喜欢
38997,12.17027,0.84421,很喜欢
69698,6.69837,0.24008,不太喜欢
11783,3.63267,1.64348,有点喜欢
47636,10.05999,0.89236,很喜欢
15744,1.88767,0.75616,有点喜欢
69058,8.22913,0.19589,不太喜欢
33057,7.81708,0.4761,很喜欢
28681,12.27723,0.07681,很喜欢
34042,10.05534,1.11578,很喜欢
29928,3.596,1.48595,不太喜欢
9734,2.75553,1.42066,有点喜欢
7344,7.78099,0.51305,有点喜欢
7387,0.09371,0.39183,有点喜欢
33957,8.48157,0.52008,很喜欢
9936,3.86558,0.11006,有点喜欢
36094,9.68371,0.77998,很喜欢
39835,10.61726,1.35997,很喜欢
64486,7.20322,1.62476,不太喜欢
0,7.60141,1.21561,有点喜欢
39539,1.38611,1.41707,不太喜欢
66972,9.12925,0.59409,不太喜欢
15029,1.36345,0.62084,有点喜欢
44909,3.1814,0.35933,不太喜欢
38183,13.36541,0.21701,很喜欢
37372,4.20772,1.28977,不太喜欢
0,4.0884,0.87008,有点喜欢
17786,3.32737,1.14251,有点喜欢
39055,1.30332,1.23565,不太喜欢
37045,7.99928,1.58176,很喜欢
6435,2.21749,0.86454,有点喜欢
72265,7.75181,0.19245,不太喜欢
28152,14.14931,1.59153,很喜欢
25931,8.76572,0.15281,很喜欢
7538,3.409,0.1849,有点喜欢
1315,1.25102,0.11234,有点喜欢
12292,6.16062,1.53717,有点喜欢
49248,1.03454,1.58516,不太喜欢
9025,0,1.03464,有点喜欢
13438,2.35505,0.5426,有点喜欢
69683,6.61454,0.15377,不太喜欢
25374,10.24506,1.4509,很喜欢
55264,3.46707,1.23102,不太喜欢
38324,7.48768,1.57229,很喜欢
69643,4.62412,1.18519,不太喜欢
44058,8.99596,1.43648,很喜欢
41316,11.56448,0.0072,很喜欢
29119,3.44095,0.07833,不太喜欢
51656,1.6736,0.73275,不太喜欢
3030,4.71934,0.69976,有点喜欢
35695,10.3048,1.57649,很喜欢
1537,2.08692,1.19931,有点喜欢
9083,6.33822,1.13131,有点喜欢
47744,8.25493,0.71069,很喜欢
71372,16.06711,0.97414,不太喜欢
37980,1.7232,0.31049,不太喜欢
42385,3.78505,0.8769,不太喜欢
22687,2.55756,0.12374,不太喜欢
39512,9.85222,1.09517,很喜欢
11885,3.67915,1.55721,有点喜欢
4944,9.78968,0.85297,有点喜欢
73230,14.959,0.52671,不太喜欢
17585,11.18215,1.28846,很喜欢
68737,7.52853,1.65749,不太喜欢
13818,5.2538,1.3786,有点喜欢
31662,13.94675,1.42666,很喜欢
86686,15.55726,1.43003,不太喜欢
43214,12.48355,0.68851,很喜欢
24091,2.3173,1.41114,不太喜欢
52544,10.06972,0.76612,很喜欢
61861,5.79223,1.61548,不太喜欢
47903,4.13844,0.47599,不太喜欢
37190,12.92952,0.30438,很喜欢
6013,9.37824,0.30739,有点喜欢
27223,8.36136,1.6432,很喜欢
69027,7.93941,1.32504,不太喜欢
78642,10.73538,0.70579,不太喜欢
30254,11.59272,0.28619,很喜欢
21704,10.09836,0.70475,很喜欢
34985,9.29903,0.54534,很喜欢
31316,11.1583,0.21807,很喜欢
76368,16.1439,0.55839,不太喜欢
27953,10.9717,1.22179,很喜欢
152,0,0.68148,有点喜欢
9146,3.17896,1.29269,有点喜欢
75346,17.62535,0.33993,不太喜欢
26376,1.99583,0.26783,不太喜欢
35255,10.64047,0.41618,很喜欢
19198,9.62834,0.98546,很喜欢
12518,4.66266,0.4954,有点喜欢
25453,5.75405,1.38274,有点喜欢
12530,0,0.03715,有点喜欢
62230,9.33433,0.19812,不太喜欢
9517,3.84616,0.61997,有点喜欢
71161,10.68508,0.67818,不太喜欢
1593,4.75213,0.35921,有点喜欢
33794,0.69763,0.96679,不太喜欢
39710,10.36584,0.5059,很喜欢
16941,0.46148,0.35287,有点喜欢
69209,11.33954,1.06874,不太喜欢
4446,5.42028,0.12731,有点喜欢
9347,3.46996,1.61995,有点喜欢
55635,8.51707,0.99486,很喜欢
65889,8.30651,0.41369,不太喜欢
10753,2.62869,0.44432,有点喜欢
7055,0,0.80298,有点喜欢
7905,0,1.1704,有点喜欢
53447,7.29877,1.58235,很喜欢
9194,7.33132,1.27799,有点喜欢
61914,9.39227,0.15162,不太喜欢
15630,5.5412,1.1806,有点喜欢
79194,15.14946,0.53754,不太喜欢
12268,5.51519,0.25056,有点喜欢
33682,7.7289,0.92049,很喜欢
26080,11.31879,1.51098,很喜欢
19119,3.57471,1.53151,有点喜欢
30902,7.35097,0.02633,很喜欢
63039,7.12236,1.63018,不太喜欢
51136,1.82841,1.0137,不太喜欢
35262,10.11799,1.15686,很喜欢
42776,11.3099,0.08629,很喜欢
64191,8.34203,1.38857,不太喜欢
15436,0.24171,0.71558,有点喜欢
14402,10.48262,1.69497,有点喜欢
6341,9.28951,1.42888,有点喜欢
14113,4.26942,0.13418,有点喜欢
6390,0,0.18946,有点喜欢
8794,0.81712,0.14367,有点喜欢
43432,1.50839,0.65265,不太喜欢
38334,9.35992,0.05226,很喜欢
34068,10.05233,0.55042,很喜欢
30819,11.11166,0.98916,很喜欢
22239,11.26597,0.72405,很喜欢
28725,10.38383,0.25484,很喜欢
57071,3.87857,1.37798,不太喜欢
72420,13.67924,0.02535,不太喜欢
28294,10.52685,0.78157,很喜欢
9896,0,0.9242,有点喜欢
65821,4.10673,1.08567,不太喜欢
7645,8.11886,1.47069,有点喜欢
71289,7.79687,0.05234,不太喜欢
5128,2.78967,1.09307,有点喜欢
13711,6.22696,0.28725,有点喜欢
22240,10.16955,1.6601,很喜欢
15092,0,1.37055,有点喜欢
5017,7.51335,0.13735,有点喜欢
10141,8.24079,0.09974,有点喜欢
35570,14.6128,1.24739,很喜欢
46893,3.56298,0.44539,不太喜欢
8178,3.23048,1.3317,有点喜欢
55783,3.61255,1.55191,不太喜欢
1148,0,0.33237,有点喜欢
10062,3.9313,0.48758,有点喜欢
74124,14.75234,1.15516,不太喜欢
66603,10.26189,1.62809,不太喜欢
11893,2.78727,1.5704,有点喜欢
50908,15.11232,1.32413,很喜欢
39891,5.18455,0.22338,很喜欢
65915,3.86836,0.12808,不太喜欢
65678,3.50797,0.0289,不太喜欢
62996,11.01925,0.42755,不太喜欢
36851,3.81239,0.65525,不太喜欢
36669,11.05678,0.37873,很喜欢
38876,8.82688,1.00233,很喜欢
26878,11.17386,1.47824,很喜欢
46246,11.50647,0.42199,很喜欢
12761,7.79814,0.14792,很喜欢
35282,10.15508,1.37004,很喜欢
68306,10.64528,0.69345,不太喜欢
31262,9.6632,1.52154,很喜欢
34754,10.7904,1.31268,很喜欢
13408,2.81053,0.21996,有点喜欢
30365,9.826,1.3885,很喜欢
10709,1.42132,0.6776,有点喜欢
24332,11.12322,0.80911,很喜欢
45517,13.40221,0.66152,很喜欢
6178,1.21226,0.83681,有点喜欢
10639,1.56845,1.29747,有点喜欢
29613,3.34347,1.31227,不太喜欢
22392,5.40016,0.19349,不太喜欢
51126,3.81875,0.59091,不太喜欢
53644,7.97385,0.30736,很喜欢
51417,9.07882,0.73488,很喜欢
24859,0.15347,0.76662,不太喜欢
61732,8.32517,0.02848,不太喜欢
71128,7.09209,1.21673,不太喜欢
27276,5.19249,1.09441,很喜欢
30453,10.34079,1.08772,很喜欢
18670,2.07717,1.01978,有点喜欢
70600,10.15197,0.99311,不太喜欢
12683,0.04683,0.80961,有点喜欢
81597,11.22187,1.39502,不太喜欢
69959,14.49796,1.01925,不太喜欢
8124,3.55451,0.53346,有点喜欢
18867,3.52267,0.08673,有点喜欢
80886,14.53166,0.38017,不太喜欢
55895,3.02753,0.88546,不太喜欢
31587,1.84597,0.48899,不太喜欢
10591,10.22616,0.8044,很喜欢
70096,10.96593,1.21233,不太喜欢
53151,2.12992,1.47738,不太喜欢
11992,0,1.60685,有点喜欢
33114,9.48901,0.82781,很喜欢
7413,0,1.0208,有点喜欢
10583,0,1.27017,有点喜欢
58668,6.55668,0.05518,不太喜欢
35018,9.95959,0.06002,很喜欢
70843,7.43606,1.47986,不太喜欢
14011,0.40489,0.45952,有点喜欢
35015,9.95294,1.65028,很喜欢
70839,15.60025,0.02194,不太喜欢
3024,2.72385,0.38746,有点喜欢
5526,0.51387,1.32345,有点喜欢
5113,0,0.86186,有点喜欢
20851,7.2806,1.43847,有点喜欢
40999,9.16198,1.11018,很喜欢
15823,0.99173,0.73098,有点喜欢
35432,7.39838,0.68422,很喜欢
53711,12.14975,1.38909,很喜欢
64371,9.14968,0.87491,不太喜欢
9289,9.66658,1.37033,有点喜欢
60613,3.62011,0.28777,不太喜欢
18338,5.2388,1.25365,有点喜欢
22845,14.71578,1.50376,很喜欢
74676,14.44574,1.21116,不太喜欢
34143,13.60953,0.36424,很喜欢
14153,3.14159,0.42428,有点喜欢
9327,0,0.12095,有点喜欢
18991,0.45475,1.03328,有点喜欢
9193,0.51031,0.0164,有点喜欢
2285,3.86417,0.61635,有点喜欢
9493,6.72402,0.56304,有点喜欢
2371,4.28938,0.01256,有点喜欢
13963,0,1.43703,有点喜欢
2299,3.73362,0.69827,有点喜欢
5262,2.00259,1.38018,有点喜欢
4659,2.50263,0.18422,有点喜欢
17582,6.38213,0.87658,有点喜欢
27750,8.54674,0.12871,很喜欢
9868,2.69498,0.43282,有点喜欢
18333,3.95126,0.3333,有点喜欢
3780,9.85618,0.32918,有点喜欢
18190,2.06896,0.42993,有点喜欢
11145,3.41063,0.63184,有点喜欢
68846,9.97472,0.66979,不太喜欢
26575,10.6501,0.86663,很喜欢
48111,9.13453,0.72805,很喜欢
43757,7.8826,1.33245,很喜欢
